{"wrapper":"div.with-sidebar.column-max","sections":{"breadcrumbs":{"type":"breadcrumbs","settings":{}},"page-with-sidebar":{"type":"main-article","blocks":{"featured_image":{"type":"featured_image","settings":{}},"title":{"type":"title","settings":{"show_author":true,"show_publish_date":true,"show_comment_count":true}},"separator":{"type":"separator","settings":{}},"content":{"type":"content","settings":{}},"social_sharing":{"type":"social_sharing","settings":{}}},"block_order":["featured_image","title","separator","content","social_sharing"],"settings":{}},"sidebar":{"type":"sidebar","blocks":{"search":{"type":"search","settings":{"title":""}},"separator_1":{"type":"separator","settings":{"margin_top":"margin-top","margin_bottom":"margin-bottom","show_line":true,"line_color":"","width":"wide","line_thickness":"1"}},"text":{"type":"text","settings":{"title":"Heading","text":"<p>Use this text to share information about your brand with your customers. Describe a product, share announcements, or welcome customers to your store.<\/p>","color":""}},"separator_2":{"type":"separator","settings":{"margin_top":"margin-top","margin_bottom":"margin-bottom","show_line":true,"line_color":"","width":"wide","line_thickness":"1"}},"newsletter":{"type":"newsletter","settings":{"title":"Newsletter","signup_message":"<p>Enter your email address below to join our mailing list and have our latest news and member only deals delivered straight to your inbox.<\/p>"}},"separator_3":{"type":"separator","settings":{"margin_top":"margin-top","margin_bottom":"margin-bottom","show_line":true,"line_color":"","width":"wide","line_thickness":"1"}},"collection":{"type":"collection","settings":{"title":"Top Product","collection":"","product_limit":1,"show_vendor":false,"show_price":true,"show_compare_at_price":true,"show_add_to_cart_button":true,"show_sale_sticker":true}},"separator_4":{"type":"separator","settings":{"margin_top":"margin-top","margin_bottom":"margin-bottom","show_line":true,"line_color":"","width":"wide","line_thickness":"1"}},"navigation":{"type":"navigation","settings":{"title":"Links","menu":"main-menu","levels":"1","close_inactive":false}}},"block_order":["search","separator_1","text","separator_2","newsletter","separator_3","collection","separator_4","navigation"],"settings":{}},"separator":{"type":"separator","settings":{"margin_top":"margin-top-150","show_line":false}}},"order":["breadcrumbs","page-with-sidebar","sidebar","separator"]}