{"sections":{"breadcrumbs":{"type":"breadcrumbs","settings":{}},"main":{"type":"main-collection","blocks":{"header":{"type":"header","settings":{}},"image":{"type":"image","settings":{}},"description":{"type":"description","settings":{}},"filter-sort":{"type":"filter-sort","settings":{}},"product-grid":{"type":"product-grid","settings":{}},"separator":{"type":"separator","settings":{}}},"block_order":["header","description","image","filter-sort","separator","product-grid"],"settings":{}}},"order":["breadcrumbs","main"]}