{"sections":{"slideshow":{"type":"slideshow","blocks":{"slide-1":{"type":"slide","settings":{"bg_color":"#030303","image":"","overlay_bg_opacity":0,"overlay_separator_line_width":"0","overlay_line_1_text":"SLIDE TITLE","overlay_line_1_font_size":16,"overlay_line_1_color":"#ffffff","overlay_line_2_text":"FEATURED CONTENT","overlay_line_2_font_size":32,"overlay_line_2_color":"#ffffff","overlay_line_3_text":"MORE DETAILS","overlay_line_3_font_size":16,"overlay_line_3_color":"#ffffff","button_1_text":"Shop Now","link_url":"shopify:\/\/collections\/all"}},"slide-2":{"type":"slide","settings":{"bg_color":"#030303","image":"","overlay_bg_opacity":0,"overlay_separator_line_width":"0","overlay_line_1_text":"SLIDE TITLE","overlay_line_1_font_size":16,"overlay_line_1_color":"#ffffff","overlay_line_2_text":"FEATURED CONTENT","overlay_line_2_font_size":32,"overlay_line_2_color":"#ffffff","overlay_line_3_text":"MORE DETAILS","overlay_line_3_font_size":16,"overlay_line_3_color":"#ffffff","button_1_text":"Shop Now","link_url":"shopify:\/\/collections\/all"}}},"block_order":["slide-1","slide-2"],"settings":{"width":"width-100","autoplay":true,"autoplay_rate":9}},"separator_1":{"type":"separator","settings":{"margin_top":"margin-top","margin_bottom":"margin-bottom","show_line":false,"line_color":"","width":"medium","line_thickness":"1px"}},"images-with-text":{"type":"images-with-text","blocks":{"image-1":{"type":"image","settings":{"bg_color":"#f1f2f3","overlay_line_color":"#030303","image":"","link_url":"","show_text_overlay":true,"overlay_bg_opacity":0,"overlay_separator_line_width":"0","overlay_line_1_text":"BLOCK TITLE","overlay_line_1_font_size":12,"overlay_line_2_text":"FEATURED CONTENT","overlay_line_2_font_size":16,"overlay_line_3_text":"MORE DETAILS","overlay_line_3_font_size":12,"button_1_text":""}},"image-2":{"type":"image","settings":{"bg_color":"#f1f2f3","overlay_line_color":"#030303","image":"","link_url":"","show_text_overlay":true,"overlay_bg_opacity":0,"overlay_separator_line_width":"0","overlay_line_1_text":"BLOCK TITLE","overlay_line_1_font_size":12,"overlay_line_2_text":"FEATURED CONTENT","overlay_line_2_font_size":16,"overlay_line_3_text":"MORE DETAILS","overlay_line_3_font_size":12,"button_1_text":""}},"image-3":{"type":"image","settings":{"bg_color":"#f1f2f3","overlay_line_color":"#030303","image":"","link_url":"","show_text_overlay":true,"overlay_bg_opacity":0,"overlay_separator_line_width":"0","overlay_line_1_text":"BLOCK TITLE","overlay_line_1_font_size":12,"overlay_line_2_text":"FEATURED CONTENT","overlay_line_2_font_size":16,"overlay_line_3_text":"MORE DETAILS","overlay_line_3_font_size":12,"button_1_text":""}}},"block_order":["image-1","image-2","image-3"],"settings":{"title":"","width":"column-max","height":150,"images_per_row_large":3}},"separator_2":{"type":"separator","settings":{"margin_top":"margin-top","margin_bottom":"margin-bottom","show_line":false,"line_color":"","width":"medium","line_thickness":"1px"}},"image-with-text-1":{"type":"image-with-text","settings":{"image":"","layout":"left","heading":"Collection Name","text":"<p>Pair large text with an image to give focus to your chosen product, collection, or blog post. Add details on availability, style, or even provide a review.<\/p>","button_label":"Shop Collection","button_link":"shopify:\/\/collections\/all","text_alignment":"left"}},"separator_3":{"type":"separator","settings":{"margin_top":"margin-top","margin_bottom":"margin-bottom","show_line":false,"line_color":"","width":"medium","line_thickness":"1px"}},"featured-collection-1":{"type":"featured-collection","settings":{"title":"","width":"column-max","collection":"","products_per_row":4,"product_rows":1,"show_vendor":false,"show_price":true,"show_compare_at_price":true,"show_add_to_cart_button":true,"show_sale_sticker":true}},"separator_4":{"type":"separator","settings":{"margin_top":"margin-top","margin_bottom":"margin-bottom","show_line":false,"line_color":"","width":"medium","line_thickness":"1px"}},"image-with-text-2":{"type":"image-with-text","settings":{"image":"","layout":"right","heading":"Collection Name","text":"<p>Pair large text with an image to give focus to your chosen product, collection, or blog post. Add details on availability, style, or even provide a review.<\/p>","button_label":"Shop Collection","button_link":"shopify:\/\/collections\/all","text_alignment":"left"}},"separator_5":{"type":"separator","settings":{"margin_top":"margin-top","margin_bottom":"margin-bottom","show_line":false,"line_color":"","width":"medium","line_thickness":"1px"}},"featured-collection-2":{"type":"featured-collection","settings":{"title":"","width":"column-max","collection":"","products_per_row":4,"product_rows":1,"show_vendor":false,"show_price":true,"show_compare_at_price":true,"show_add_to_cart_button":true,"show_sale_sticker":true}},"separator_6":{"type":"separator","settings":{"margin_top":"margin-top","margin_bottom":"margin-bottom","show_line":false,"line_color":"","width":"medium","line_thickness":"1px"}},"newsletter":{"type":"newsletter","settings":{"bg_color":"#f1f2f3","heading":"Subscribe to our newsletter.","subheading":"<p>Enter your email address below to join our mailing list and have our latest news and member only deals delivered straight to your inbox.<\/p>","color_text":""}},"separator_7":{"type":"separator","settings":{"margin_top":"margin-top","margin_bottom":"margin-bottom","show_line":false,"line_color":"","width":"medium","line_thickness":"1px"}}},"order":["slideshow","separator_1","images-with-text","separator_2","image-with-text-1","separator_3","featured-collection-1","separator_4","image-with-text-2","separator_5","featured-collection-2","separator_6","newsletter","separator_7"]}