{"wrapper":"div.with-sidebar.column-max","sections":{"breadcrumbs":{"type":"breadcrumbs","settings":{}},"page-with-sidebar":{"type":"main-page","blocks":{"title":{"type":"title","settings":{}},"separator":{"type":"separator","settings":{}},"content":{"type":"content","settings":{}}},"block_order":["title","separator","content"],"settings":{}},"sidebar":{"type":"sidebar","blocks":{"text":{"type":"text","settings":{"title":"Heading","text":"<p>Use this text to share information about your brand with your customers. Describe a product, share announcements, or welcome customers to your store.<\/p>","color":""}},"separator":{"type":"separator","settings":{"margin_top":"margin-top","margin_bottom":"margin-bottom","show_line":false,"line_color":"","width":"wide","line_thickness":"1"}}},"block_order":["text","separator"],"settings":{}},"separator":{"type":"separator","settings":{"margin_top":"margin-top-50","margin_bottom":"margin-bottom-50","show_line":false,"line_color":"","width":"","line_thickness":"1px"}}},"order":["breadcrumbs","page-with-sidebar","sidebar","separator"]}