{"sections":{"breadcrumbs":{"type":"breadcrumbs","settings":{}},"main-product":{"type":"main-product","blocks":{"title":{"type":"title","settings":{}},"vendor":{"type":"vendor","settings":{"vendor":"{{ product.vendor }}"}},"separator__1":{"type":"separator","settings":{}},"sale-sticker":{"type":"sale-sticker","settings":{}},"price":{"type":"price","settings":{"show_compare_at_price":false}},"variants":{"type":"variants","settings":{"show_variant_selectors":true,"show_qty_selector":true,"show_add_to_cart_button":true}},"backorder":{"type":"backorder","settings":{}},"description":{"type":"description","settings":{}},"qty-available":{"type":"qty-available","settings":{}},"tags":{"type":"tags","settings":{}},"social-media":{"type":"social-media","settings":{}}},"block_order":["title","vendor","sale-sticker","price","variants","description"],"settings":{}},"product-recommendations":{"type":"product-recommendations","settings":{}}},"order":["breadcrumbs","main-product","product-recommendations"]}